{"labels": [0, 1, 2, 3, 4, 5, 6, 7, 8, 9, 10, 11, 12, 13, 14, 15, 16, 17, 18, 19, 20, 21, 22, 23, 24, 25, 26, 27, 28, 29, 30, 31, 32, 33, 34, 35, 36, 37, 38, 39, 40, 41, 42, 43, 44, 45, 46, 47, 48, 49, 50, 51, 52, 53, 54, 55, 56, 57, 58, 59, 60, 61, 62, 63, 64, 65, 66, 67, 68, 69, 70, 71, 72, 73, 74, 75, 76, 77, 78, 79, 80, 81, 82, 83, 84, 85, 86, 87, 88, 89, 90, 91, 92, 93, 94, 95, 96, 97, 98, 99], "temp_values": [0, 2, 4, 6, 8, 10, 12, 14, 16, 18, 20, 22, 24, 26, 28, 30, 32, 34, 36, 38, 40, 42, 44, 46, 48, 50, 52, 54, 56, 58, 60, 62, 64, 66, 68, 70, 72, 74, 76, 78, 80, 82, 84, 86, 88, 90, 92, 94, 96, 98, 100, 102, 104, 106, 108, 110, 112, 114, 116, 118, 120, 122, 124, 126, 128, 130, 132, 134, 136, 138, 140, 142, 144, 146, 148, 150, 152, 154, 156, 158, 160, 162, 164, 166, 168, 170, 172, 174, 176, 178, 180, 182, 184, 186, 188, 190, 192, 194, 196, 198], "hum_values": [20.0, 19.7, 19.4, 19.1, 18.8, 18.5, 18.2, 17.9, 17.6, 17.3, 17.0, 16.7, 16.4, 16.1, 15.8, 15.5, 15.2, 14.9, 14.600000000000001, 14.3, 14.0, 13.7, 13.4, 13.100000000000001, 12.8, 12.5, 12.2, 11.9, 11.6, 11.3, 11.0, 10.700000000000001, 10.4, 10.1, 9.8, 9.5, 9.200000000000001, 8.9, 8.6, 8.3, 8.0, 7.700000000000001, 7.4, 7.1, 6.800000000000001, 6.5, 6.200000000000001, 5.9, 5.600000000000001, 5.300000000000001, 5.0, 4.700000000000001, 4.4, 4.100000000000001, 3.8000000000000007, 3.5, 3.1999999999999993, 2.900000000000002, 2.6000000000000014, 2.3000000000000007, 2.0, 1.6999999999999993, 1.4000000000000021, 1.1000000000000014, 0.8000000000000007, 0.5, 0.1999999999999993, -0.09999999999999787, -0.3999999999999986, -0.6999999999999993, -1.0, -1.3000000000000007, -1.5999999999999979, -1.8999999999999986, -2.1999999999999993, -2.5, -2.8000000000000007, -3.099999999999998, -3.3999999999999986, -3.6999999999999993, -4.0, -4.300000000000001, -4.599999999999998, -4.899999999999999, -5.199999999999999, -5.5, -5.800000000000001, -6.099999999999998, -6.399999999999999, -6.699999999999999, -7.0, -7.300000000000001, -7.599999999999998, -7.899999999999999, -8.2, -8.5, -8.799999999999997, -9.099999999999998, -9.399999999999999, -9.7], "water_values": [60.0, 59.5, 59.0, 58.5, 58.0, 57.5, 57.0, 56.5, 56.0, 55.5, 55.0, 54.5, 54.0, 53.5, 53.0, 52.5, 52.0, 51.5, 51.0, 50.5, 50.0, 49.5, 49.0, 48.5, 48.0, 47.5, 47.0, 46.5, 46.0, 45.5, 45.0, 44.5, 44.0, 43.5, 43.0, 42.5, 42.0, 41.5, 41.0, 40.5, 40.0, 39.5, 39.0, 38.5, 38.0, 37.5, 37.0, 36.5, 36.0, 35.5, 35.0, 34.5, 34.0, 33.5, 33.0, 32.5, 32.0, 31.5, 31.0, 30.5, 30.0, 29.5, 29.0, 28.5, 28.0, 27.5, 27.0, 26.5, 26.0, 25.5, 25.0, 24.5, 24.0, 23.5, 23.0, 22.5, 22.0, 21.5, 21.0, 20.5, 20.0, 19.5, 19.0, 18.5, 18.0, 17.5, 17.0, 16.5, 16.0, 15.5, 15.0, 14.5, 14.0, 13.5, 13.0, 12.5, 12.0, 11.5, 11.0, 10.5], "pH_values": [6.0, 5.995, 5.99, 5.985, 5.98, 5.975, 5.97, 5.965, 5.96, 5.955, 5.95, 5.945, 5.94, 5.935, 5.93, 5.925, 5.92, 5.915, 5.91, 5.905, 5.9, 5.895, 5.89, 5.885, 5.88, 5.875, 5.87, 5.865, 5.86, 5.855, 5.85, 5.845, 5.84, 5.835, 5.83, 5.825, 5.82, 5.815, 5.81, 5.805, 5.8, 5.795, 5.79, 5.785, 5.78, 5.775, 5.77, 5.765, 5.76, 5.755, 5.75, 5.745, 5.74, 5.735, 5.73, 5.725, 5.72, 5.715, 5.71, 5.705, 5.7, 5.695, 5.69, 5.685, 5.68, 5.675, 5.67, 5.665, 5.66, 5.655, 5.65, 5.645, 5.64, 5.635, 5.63, 5.625, 5.62, 5.615, 5.61, 5.605, 5.6, 5.595, 5.59, 5.585, 5.58, 5.575, 5.57, 5.565, 5.56, 5.555, 5.55, 5.545, 5.54, 5.535, 5.53, 5.525, 5.52, 5.515, 5.51, 5.505], "CO2_values": [800.0, 799.96, 799.92, 799.88, 799.84, 799.8, 799.76, 799.72, 799.68, 799.64, 799.6, 799.56, 799.52, 799.48, 799.44, 799.4, 799.36, 799.32, 799.28, 799.24, 799.2, 799.16, 799.12, 799.08, 799.04, 799.0, 798.96, 798.92, 798.88, 798.84, 798.8, 798.76, 798.72, 798.68, 798.64, 798.6, 798.56, 798.52, 798.48, 798.44, 798.4, 798.36, 798.32, 798.28, 798.24, 798.2, 798.16, 798.12, 798.08, 798.04, 798.0, 797.96, 797.92, 797.88, 797.84, 797.8, 797.76, 797.72, 797.68, 797.64, 797.6, 797.56, 797.52, 797.48, 797.44, 797.4, 797.36, 797.32, 797.28, 797.24, 797.2, 797.16, 797.12, 797.08, 797.04, 797.0, 796.96, 796.92, 796.88, 796.84, 796.8, 796.76, 796.72, 796.68, 796.64, 796.6, 796.56, 796.52, 796.48, 796.44, 796.4, 796.36, 796.32, 796.28, 796.24, 796.2, 796.16, 796.12, 796.08, 796.04], "Sun_values": [600, 610, 620, 630, 640, 650, 660, 670, 680, 690, 700, 710, 720, 730, 740, 750, 760, 770, 780, 790, 800, 810, 820, 830, 840, 850, 860, 870, 880, 890, 900, 910, 920, 930, 940, 950, 960, 970, 980, 990, 1000, 1010, 1020, 1030, 1040, 1050, 1060, 1070, 1080, 1090, 1100, 1110, 1120, 1130, 1140, 1150, 1160, 1170, 1180, 1190, 1200, 1210, 1220, 1230, 1240, 1250, 1260, 1270, 1280, 1290, 1300, 1310, 1320, 1330, 1340, 1350, 1360, 1370, 1380, 1390, 1400, 1410, 1420, 1430, 1440, 1450, 1460, 1470, 1480, 1490, 1500, 1510, 1520, 1530, 1540, 1550, 1560, 1570, 1580, 1590]}